-7.8167,-6.415,15.517
11.632,-3.8339,12.962
4.9895,-2.8779,27.819
-3.358,7.5597,19.88
7.9544,-8.6345,12.826
-5.4562,-8.9078,7.176
11.369,-4.4145,9.2878
-2.3936,7.7927,33.046
-4.7988,-9.364,28.527
6.3119,1.7796,40.957
4.7133,5.3525,13.704
10.451,8.1052,30.862
-1.8269,7.8728,8.0253
5.3147,12.67,21.5
12.588,1.6666,2.1459
11.964,-2.9578,24.393
12.53,2.379,10.237
-1.2769,7.9116,27.161
-10.041,10.979,46.444
1.8043,13.891,13.215
5.6212,-10.039,25.782
1.5284,13.944,10.816
-1.8043,14.149,4.4034
12.562,2.0483,28.818
-9.424,0.0073315,16.896
2.2599,7.2038,9.5878
12.41,3.2168,44.453
11.753,-3.5376,6.366
11.932,-3.0514,18.661
-3.4853,7.5196,7.2741
-6.4609,5.8144,12.278
-4.9537,6.8802,22.703
12.069,-2.6277,13.253
-2.6037,7.7524,19.231
-9.6878,11.252,30.862
5.8476,-1.4881,41.282
-4.7132,7.0086,38.091
-9.4755,-0.80948,33.932
-9.3559,0.51301,10.46
10.288,8.347,47.974
5.133,-10.246,48.904
5.6843,-10.011,29.489
8.3148,10.6,20.999
-8.2679,-5.6712,25.141
3.6557,6.3556,42.436
6.7934,-9.4273,37.304
0.22499,-11.014,29.454
-1.633,14.158,6.6012
-9.2487,1.0662,19.702
0.91638,14.042,16.355
12.146,-2.3657,20.596
8.8515,-7.8637,21.787
-7.0486,-7.4224,34.839
8.5515,10.379,23.093
-7.0755,-7.3913,21.862
12.454,-0.95294,33.028
-8.7577,2.6018,7.7012
3.6791,6.3375,7.1607
-9.3282,-2.6745,11.986
10.227,8.4341,25.852
10.256,-6.265,46.257
-0.89164,14.172,12.397
-6.3833,13.119,15.335
12.293,3.7976,28.529
10.846,-5.3785,16.364
-6.4871,5.7912,44.617
-2.7747,14.061,8.3413
6.0773,2.882,44.67
-8.6774,2.7871,44.458
-8.219,-5.7593,12.325
6.8733,-9.3791,8.2497
-0.93248,-10.87,7.855
8.765,-7.9451,15.119
4.9662,5.0405,14.167
-4.3269,-9.6482,7.7797
6.2554,2.1483,22.853
3.9751,6.0941,22.249
8.2547,10.654,23.464
4.2348,5.8575,39.918
-1.6901,14.155,45.841
-9.4541,-0.33313,5.5186
-5.809,6.3362,30.728
-6.2887,5.9625,1.0627
-6.4536,-8.0532,33.362
6.3889,-9.6581,29.565
-7.3482,4.907,30.283
12.594,1.5394,25.961
10.64,-5.7076,47.23
2.315,7.1779,32.125
-4.5765,7.0772,20.773
-7.7658,12.474,43.887
8.2308,-8.4135,25.29
-3.88,7.3802,18.703
-5.5397,-8.8443,19.778
6.298,1.885,27.346
-0.45878,7.8987,2.7905
1.5837,13.934,23.122
-9.4156,0.082652,34.84
-2.4039,14.103,4.519
-9.4112,0.12026,12.565
6.0347,-1.006,28.737
10.213,-6.3232,38.96
-3.5713,13.938,6.4747
11.474,-4.1931,3.9638
7.2904,11.445,10.619
12.599,0.57528,4.9444
10.82,-5.42,10.435
-9.4769,-1.0776,37.498
5.6599,3.929,40.075
12.543,-0.25555,18.068
11.172,6.8748,25.441
3.6181,-4.0624,19.787
9.2888,-7.4254,33.305
-4.9537,6.8802,28.378
-6.8008,-7.6983,15.159
12.018,-2.7932,38.459
-4.1596,-9.7411,3.4386
12.391,3.318,38.611
-8.7859,2.5338,29.221
6.28,-0.020004,37.548
-3.4853,7.5196,39.266
6.3241,1.6743,48.923
-6.3021,5.9513,12.604
-7.2087,5.0682,2.7514
9.4514,-7.2504,32.538
6.1426,-9.7883,13.119
-9.0039,-3.9694,29.005
-8.9211,-4.2132,11.572
3.7487,6.2826,17.408
0.21418,14.12,39.333
-9.3762,0.38255,1.6533
6.2606,-0.13265,2.9514
-0.083225,-10.988,38.96
-9.4765,-1.116,0.40503
-8.0561,-6.0386,22.831
-5.0133,6.8468,13.67
6.2466,-0.20737,47.566
4.2476,-3.6155,35.723
12.326,3.6464,37.213
2.8386,-4.452,41.179
6.6124,-9.5333,33.048
6.0621,12.261,10.325
-2.2611,14.116,41.07
-2.8767,-10.331,2.363
-8.0665,-6.0212,46.023
-4.2782,13.79,4.4105
5.6423,-10.03,14.814
11.778,5.511,42.959
-4.3269,-9.6482,40.267
5.6221,4.0036,26.66
-4.5314,13.727,25.455
-8.1183,-5.9344,32.798
2.1621,-4.6698,20.839
-7.5111,-6.8476,9.509
-9.0499,1.8042,30.404
11.244,6.7341,13.631
-0.60225,7.9071,23.8
-6.7317,5.5648,4.4965
6.3358,0.42396,40.218
0.4903,-11.029,13.962
4.6666,12.979,29.778
6.3381,0.44958,47.691
-1.4903,14.164,19.495
-9.3135,0.75397,9.0319
-8.1536,3.7867,2.0347
10.692,-5.626,11.223
-9.4407,-1.8276,15.632
-2.518,14.091,37.684
11.522,6.1402,22.037
3.7024,6.3193,2.7858
5.9197,12.344,48.739
5.9353,-9.892,9.8055
12.606,1.0567,5.8498
3.8447,13.312,40.006
4.0958,5.9871,24.392
3.6674,6.3466,28.837
-2.9971,-10.284,9.9714
-0.82449,-10.889,42.951
10.288,8.347,16.825
-2.2026,-10.563,7.4983
8.0842,-8.5325,15.247
8.8203,10.114,34.023
5.4523,-10.114,32.454
-9.4646,-0.5042,5.9502
-8.9277,-4.1945,25.851
-0.92259,7.9164,15.341
12.57,0.045621,41.258
1.7747,-4.7493,27.174
-4.3345,13.776,37.446
9.474,9.4028,49.25
6.0148,3.0766,14.139
-1.1261,-10.834,23.045
-7.1257,5.1604,14.825
10.407,8.1715,47.3
1.285,7.5778,6.1725
3.0821,6.7562,33.512
6.0447,2.9859,11.789
-6.0252,-8.4474,10.127
-1.848,-10.665,11.259
-8.4133,3.329,2.9741
-7.5397,4.6723,5.6547
5.6317,12.504,1.8975
-6.4536,-8.0532,19.337
-9.9008,11.089,1.3323
2.2231,-4.6543,41.863
6.3069,1.8191,40.349
2.6978,-10.909,24.473
12.566,1.9974,39.712
0.77869,-11.039,7.6653
12.576,1.8701,43.54
12.605,0.87913,27.478
-10.134,10.904,17.048
11.062,7.0845,32.64
-8.7104,11.926,17.594
1.2554,7.5868,39.737
-8.7354,11.91,42.717
10.318,8.3033,38.228
12.524,2.4299,17.966
-3.996,13.853,49.395
5.79,3.6528,34.021
3.2097,-10.818,44.995
5.6628,-1.8715,14.251
-1.785,-10.682,29.908
3.8424,-3.9184,16.919
-0.86772,-10.881,43.416
5.2611,-10.194,33.16
4.5047,-3.3904,29.427
0.60821,14.081,12.368
10.393,8.1935,5.5963
-9.4554,-0.35211,39.789
-4.5104,-9.5417,38.693
4.1146,-10.595,4.9515
-8.3536,-5.5116,33.893
5.5216,-2.1238,23.492
5.0007,4.9949,3.5379
4.4309,5.6624,24.805
-9.3065,0.79088,46.554
-3.0062,7.6592,48.218
6.9368,11.7,34.832
-2.2318,7.8197,11.476
-8.2582,-5.6889,24.016
4.1061,-3.7281,26.573
-2.3451,7.8011,16.149
-8.5923,-5.0254,21.756
12.493,2.6841,13.119
6.2326,2.2667,28.213
8.3546,10.563,14.873
12.385,-1.3474,20.229
4.1282,5.9574,8.639
3.5303,13.424,5.0178
5.5234,4.1886,8.7777
-3.3147,-10.153,9.3173
5.2824,-10.186,23.2
-8.8849,11.814,40.222
1.1675,14.005,4.7613
-7.7971,4.3285,41.99
12.241,-2.0052,41.525
1.4453,13.959,19.018
-0.34612,-10.959,9.0773
-2.3182,14.111,10.655
2.6131,7.0279,24.767
4.5713,-3.3273,28.329
12.595,1.514,49.341
-0.011778,14.138,14.082
-0.71414,7.9118,40.965
-8.4452,-5.3327,18.785
-0.38002,14.159,38.771
5.1265,4.8221,1.8188
10.624,7.8378,44.84
11.024,7.154,15.251
-2.1611,-10.575,4.1151
6.0612,2.934,36.036
-9.8772,11.108,6.1085
2.2028,-4.6595,41.641
-0.14183,7.8707,41.9
6.2212,-0.33119,45.341
-3.6655,-9.9929,20.659
12.001,4.8718,38.733
12.591,1.6157,34.883
-4.5033,13.735,32.918
-6.8707,-7.6225,19.353
6.3536,0.68125,10.308
10.393,8.1935,27.298
-7.1495,5.1342,18.619
12.062,-2.6514,23.959
-4.7837,13.661,9.8145
-8.9503,2.103,18.619
1.8383,7.3846,0.17101
-8.9984,1.9629,17.473
-9.4109,-2.1165,0.52848
-9.1743,-3.3824,28.113
10.587,-5.7887,16.969
5.0428,12.805,33.94
0.31332,-11.02,39.137
10.141,-6.4197,23.456
-8.9078,-4.2506,6.6432
6.8933,-9.3669,21.829
12.099,4.549,12.598
-9.4721,-1.308,0.46284
-4.4235,7.1503,10.51
12.21,-2.1258,3.4614
-7.4617,4.7699,42.393
-5.3889,-8.958,25.162
12.516,-0.50554,2.237
1.2239,-11.038,1.8032
1.8868,13.874,13.779
4.1559,13.193,39.867
1.9966,13.851,4.8143
4.3699,5.7247,37.549
-5.2186,-9.0813,8.8217
-5.606,-8.793,13.181
-8.5052,3.1508,0.31843
10.068,-6.5153,48.35
8.3745,10.545,14.714
3.292,-4.2451,17.427
-1.2974,-10.798,31.767
-7.7448,4.4013,49.367
-9.0934,1.662,13.141
6.0148,12.289,28.78
-0.094534,7.8654,29.899
-2.3883,-10.504,31.982
-8.9408,-4.1571,34.406
-2.4039,14.103,41.947
-8.0351,-6.0731,2.7494
-8.853,-4.3997,9.5995
-1.0191,7.9167,29.835
12.448,2.9887,3.3407
2.1335,13.82,18.077
-7.6272,4.5593,8.4018
10.071,8.65,47.241
-2.5931,-10.435,44.052
-2.0613,14.132,37.139
5.9681,-1.1923,36.351
-2.248,7.8172,8.6935
7.8422,-8.7204,44.998
6.331,0.37279,36.928
10.587,-5.7887,36.42
11.204,-4.7418,27.372
-9.8772,11.108,34.206
-9.4015,-2.1936,43.61
12.604,0.77776,6.2954
3.6092,13.396,15.736
2.9651,-10.865,35.312
-4.3928,7.1645,15.94
6.3255,1.6612,47.088
-7.3997,-6.9941,16.441
8.9543,-7.7647,48.236
-9.3723,-2.4053,40.289
12.564,-0.029784,30.221
-0.171,-10.979,39.276
7.1111,-9.2305,43.045
-8.484,12.066,31.696
-0.14183,7.8707,45.042
11.089,-4.9568,39.368
-9.4674,-0.56133,9.6257
4.9291,-2.9492,0.30343
2.2066,-10.974,26.296
1.0456,-11.041,15.918
-8.8475,2.38,9.3764
-7.2726,-7.1547,48.626
-8.9984,1.9629,38.473
-3.2019,14.001,13.581
9.8886,-6.7415,16.57
3.3206,-10.795,27.827
10.973,7.2464,27.993
10.843,7.4757,47.74
8.3216,-8.3378,32.598
-1.6616,14.157,0.74265
-1.9185,14.142,17.514
-0.60719,14.167,10.794
-7.6093,12.556,3.669
-3.7617,-9.9464,8.8082
12.421,-1.1506,38.968
-9.9711,11.034,49.421
5.7282,12.452,25.858
0.31332,-11.02,10.17
-7.4617,4.7699,11.837
-7.3367,4.9206,37.189
4.8131,-3.0795,38.836
-0.95473,7.9166,40.327
3.6558,-4.0393,4.2285
-6.5421,-7.9659,22.761
5.7559,3.7286,15.336
-9.2212,-3.1917,43.715
12.003,-2.8403,15.054
3.3599,-4.2096,8.4692
-6.1035,-8.3786,11.115
6.892,11.731,16.518
-7.7971,4.3285,45.49
-2.9901,7.6633,15.66
10.789,7.5668,45.684
-9.4725,-0.69484,8.7527
8.7634,10.172,2.537
4.2825,-3.5866,24.414
2.5864,7.0421,13.507
10.922,7.3384,15.449
-7.1376,5.1473,32.027
2.5639,-10.929,16.541
4.76,5.2977,1.5004
12.465,-0.87863,0.21052
10.735,7.6576,31.189
-5.8503,-8.5961,4.5855
-8.7282,-4.7143,23.805
4.1818,5.9077,33.006
4.8423,5.198,46.32
12.509,2.557,15.31
6.6658,11.884,46.097
9.8949,8.8842,46.766
12.166,-2.2939,41.15
12.321,3.6716,14.326
12.27,3.8982,1.8684
-7.8488,4.255,22.634
0.74845,14.064,30.393
9.2888,-7.4254,46.168
-6.644,-7.8628,17.017
9.5314,-7.1615,43.933
5.5964,4.0532,45.926
4.5398,13.034,5.8681
-5.6389,-8.7671,7.8899
-8.6997,2.7367,27.698
11.661,-3.7658,35.655
2.9457,13.609,27.821
-2.9169,-10.316,4.3719
-6.2753,5.9737,25.078
-9.4667,-1.4426,27.472
2.573,7.0491,3.3918
10.945,-5.2111,38.178
7.9697,10.904,48.973
5.4099,-10.132,20.666
4.7892,-10.376,19.704
-9.4541,-0.33313,9.0211
5.8867,3.4239,43.244
-5.8101,13.337,9.1687
5.5347,12.556,43.01
-2.2853,-10.537,35.937
11.642,-3.8112,5.0253
-8.5071,-5.2067,30.474
-10.545,10.557,37.448
9.2888,-7.4254,46.956
9.8886,-6.7415,4.5332
10.895,-5.295,44.392
-7.7398,12.488,3.3201
12.298,3.7724,5.2683
6.2606,-0.13265,10.799
12.221,4.0991,47.482
3.4945,-4.1352,14.025
12.377,3.3939,39.441
4.5727,-10.451,41.387
-9.4614,-0.44712,38.262
2.6884,-4.5094,40.89
4.8288,-3.0624,15.648
5.3037,-10.177,29.901
2.1335,13.82,49.903
-5.6725,13.386,34.585
4.2331,13.162,34.437
3.5566,13.415,44.577
11.953,5.0201,8.1382
-9.1075,-3.6294,28.109
12.566,-0.0046571,27.658
-7.7236,4.4302,10.42
5.0562,-2.7964,34.682
-7.1495,5.1342,15.113
-9.4354,-0.10589,7.2507
12.513,-0.53049,47.063
10.816,7.5213,23.898
12.482,2.7603,22.843
4.8871,5.1421,42.327
-9.0457,-3.8375,29.429
9.2229,-7.4945,9.0919
9.0994,9.8231,47.8
-8.8674,2.3284,36.763
5.6112,-1.9671,49.046
-9.439,-1.8469,16.386
-9.4773,-1.0009,35.144
1.6224,7.4658,40.573
4.4711,5.6206,12.95
1.0902,-11.04,18.106
-9.4406,-0.1626,37.08
12.325,-1.6411,18.489
12.579,0.17145,17.687
-6.8449,5.4539,13.128
3.6092,13.396,37.379
5.3097,-2.4556,48.976
-0.34612,-10.959,19.198
7.6341,-8.8741,20.953
-5.9483,6.2332,12.07
6.1271,-0.70889,3.602
6.2969,12.12,20.784
6.3494,0.60382,18.096
9.6263,-7.0537,6.4825
-7.4505,4.7837,11.103
-1.4253,-10.77,18.997
11.358,-4.4365,11.623
12.315,-1.6898,44.356
5.8728,-9.9223,35.721
-3.3932,-10.118,5.2683
6.9144,11.716,27.555
10.666,7.7704,15.927
0.31233,7.8078,34.384
-9.4648,-1.4811,45.178
-0.72091,14.17,32.951
-6.3291,13.141,47.809
-8.4272,-5.3686,40.932
2.1619,-10.979,27.898
6.3606,1.0579,21.078
5.9697,3.2058,8.9643
-8.0389,3.9706,16.151
5.9724,-1.1808,18.057
-6.5132,5.7678,22.292
-3.8546,13.883,4.5548
-9.3664,-2.4438,21.216
1.9385,-11.001,39.168
9.2395,-7.4773,6.1655
-9.0966,-3.6673,49.251
-4.3453,-9.6377,41.075
1.447,-11.032,47.628
1.0839,14.018,49.208
-6.4375,13.097,49.759
-5.3662,6.6357,0.77769
-3.1824,7.6115,16.942
4.369,-3.5127,22.901
-9.2689,0.97474,16.983
5.0341,-2.8237,0.16405
6.0599,-9.8303,19.605
-6.1113,13.226,13.978
-5.6679,6.4361,46.027
3.4775,13.441,11.455
11.553,6.0682,26.081
5.3883,12.633,13.489
7.2029,11.51,48.883
2.9878,-4.3897,23.903
-6.8984,-7.592,40.104
9.8458,8.9474,2.4087
3.4293,6.5236,48.203
6.256,-0.15759,34.835
0.77647,14.061,25.435
3.2433,-4.2699,49.728
7.1147,11.574,34.746
11.037,7.1309,36.931
-2.5114,-10.463,28.281
-8.9593,11.765,24.632
12.593,1.5649,18.929
-8.3827,12.127,41.799
12.589,0.34792,33.946
4.1175,5.9673,15.469
7.2873,-9.115,26.859
10.393,8.1935,9.5213
-3.4009,13.968,7.9085
12.593,0.42365,8.5521
6.0227,-1.0412,44.921
10.833,-5.3992,23.341
2.8921,13.624,23.11
6.1191,2.7386,36.55
0.38328,14.105,12.543
-8.2278,3.6622,27.282
-9.5444,11.358,8.3902
4.8429,12.899,45.6
-7.1349,12.791,4.2012
8.4654,-8.2147,2.2474
-8.3827,12.127,12.717
5.79,3.6528,41.794
-4.8396,13.645,38.989
3.807,-10.68,14.441
-2.0042,14.137,46.313
5.1831,4.7404,20.054
-1.6616,14.157,14.511
-1.1046,-10.838,8.2625
-1.276,-10.803,11.998
1.6014,-4.7746,35.564
5.6002,-10.049,30.216
2.229,-10.972,22.788
-8.8674,2.3284,34.435
-9.2345,-3.1344,14.827
4.0266,13.243,5.6465
6.3595,0.84964,4.6646
5.8712,3.4623,10.26
-0.50655,7.9018,39.388
9.8294,8.9684,32.186
3.0986,-10.84,40.146
7.5386,-8.9424,31.739
6.6124,-9.5333,30.339
2.7647,-10.899,8.6559
3.8708,13.302,35.127
-1.5355,7.8981,48.648
-9.0573,-3.7997,20.151
11.594,5.9719,13.131
7.571,11.23,31.547
3.2097,-10.818,2.7112
12.077,4.6237,44.249
2.9779,-4.394,25.789
-9.9242,11.071,29.341
-8.0032,-6.1249,32.419
4.983,-10.304,20.931
4.1417,-3.7004,6.6145
10.533,-5.8693,37.028
-1.205,14.171,0.23975
-5.8101,13.337,21.053
-1.5951,-10.73,2.7034
1.285,7.5778,18.003
2.5687,13.713,32.548
-7.6355,12.543,10.805
9.4216,9.4637,19.031
5.5818,-2.0197,21.384
-0.35165,14.158,8.4905
12.375,-1.3965,3.2705
3.437,-4.1676,1.9749
-9.4762,-0.84773,9.4441
8.176,-8.4584,39.869
6.1027,-0.7928,16.735
-3.8263,13.889,21.42
-0.34754,7.8903,46.624
12.456,2.938,42.921
1.9889,-4.7092,34.276
3.9799,-3.8222,29.355
6.3667,12.077,33.859
-7.4953,4.7282,13.72
4.4858,-10.48,33.996
8.0928,10.798,12.44
-2.9742,14.034,34.546
12.04,4.7479,22.41
11.883,-3.1913,28.303
5.2611,-10.194,9.1848
-4.7631,-9.3867,26.783
-0.6294,-10.92,39.004
-3.1367,-10.228,47.525
6.2863,1.964,19.422
0.78919,7.7117,27.662
12.596,0.49944,18.76
-4.3627,13.769,27.309
0.77397,7.7153,4.4939
0.93433,-11.041,46.836
10.721,7.6802,16.473
12.486,2.7349,40.002
1.8714,-11.006,37.548
12.602,0.70179,28.885
5.8025,-1.5883,38.683
-2.7758,-10.369,15.541
-10.018,10.997,8.5278
2.5416,13.721,35.109
-7.8615,-6.3472,20.416
2.7587,-4.4833,44.785
1.6257,-11.023,25.697
12.357,3.495,4.8555
12.055,4.6982,37.663
-4.6677,7.0318,43.903
11.148,6.9216,29.411
5.9697,3.2058,13.184
2.8376,6.9036,39.125
5.4342,-2.2668,5.7435
4.5601,5.5253,24.656
4.993,12.829,1.1144
5.0676,12.793,39.893
-8.4363,-5.3507,3.2776
-6.1931,13.195,47.692
6.1536,-0.61236,18.935
-6.9316,5.3661,23.738
9.9937,-6.6102,6.7803
-5.7276,13.367,36.298
-9.2076,-3.249,8.3806
0.98609,7.6628,27.186
4.9181,12.864,4.4387
-8.5158,-5.1886,14.346
3.785,-10.685,6.1916
11.741,5.6085,43.824
-6.6168,5.6733,40.066
-7.362,-7.0425,20.93
11.255,6.7106,9.0914
1.38,-11.034,6.5475
-9.4582,-1.5965,28.74
3.0439,6.7801,4.6791
4.7968,5.2536,25.723
0.83247,14.053,3.178
-5.5894,-8.8059,5.2494
4.5944,-10.444,17.673
3.5016,6.4714,24.171
7.1368,11.558,18.198
5.8623,-1.4544,5.3068
11.348,-4.4585,35.851
12.566,-0.0046571,28.904
4.1605,5.9277,49.984
3.3792,-4.1992,32.054
-7.3203,12.702,4.8027
-6.0585,6.1486,30.862
9.2622,9.6448,27.317
3.9306,6.1325,1.4789
4.139,5.9475,7.6844
-8.484,12.066,6.3081
0.8676,-11.04,32.862
-9.0087,11.732,48.7
-8.4631,-5.2968,23.449
6.108,2.7778,6.1992
-8.5456,3.0689,19.003
-0.39518,7.8941,28.029
1.5007,13.95,46.656
3.3405,-4.2198,8.3831
-5.8649,6.2953,10.608
-5.6821,6.4262,12.756
1.056,14.022,8.3775
4.085,5.9969,25.217
-9.4554,-0.35211,33.914
11.911,5.1433,37.567
-6.644,-7.8628,22.949
-8.3266,3.4889,36.676
-5.962,-8.5018,10.133
6.1786,-0.51515,22.151
8.7302,-7.9774,36.06
11.849,-3.2841,17.028
7.9903,10.886,14.679
4.9594,-2.9137,38.579
-7.5175,4.7003,48.105
12.53,-0.38067,17.633
3.6879,13.369,35.199
-4.2695,7.2201,6.5802
3.6084,-10.729,16.662
6.3442,0.5266,8.7532
12.605,1.1582,44.877
12.423,3.1408,28.182
12.581,1.7938,46.725
6.5054,11.989,8.8261
7.1368,11.558,22.083
12.536,-0.33065,31.523
9.2724,-7.4427,38.015
-8.409,-5.4044,38.618
7.2483,-9.141,46.672
-2.204,14.121,42.996
-6.6936,5.6012,18.403
-8.9503,2.103,2.5734
-5.6395,6.4557,37.786
5.0264,4.9606,37.831
11.735,-3.5835,47.098
12.596,0.49944,4.8184
12.507,-0.58035,22.686
3.829,6.2176,7.3034
10.883,-5.3159,38.969
-8.0504,12.319,2.484
-6.8946,5.4039,21.459
-10.5,10.597,48.097
6.3432,0.51375,48.294
5.7762,12.425,36.307
-9.0665,1.751,20.485
2.8538,-10.884,45.928
11.875,-3.2145,5.8019
-8.9665,-4.0821,36.302
-9.0443,1.8219,13.356
0.24239,14.118,12.09
-1.5759,14.161,12.214
-9.3619,0.47579,4.6159
8.6427,-8.0574,16.358
0.71296,7.7292,9.8823
5.4406,-2.2567,16.375
6.1663,-0.56384,5.0883
6.1305,-0.69686,18.957
-0.45527,-10.945,34.773
1.8319,13.886,26.538
-7.2597,-7.1706,15.146
9.4514,-7.2504,1.8483
10.96,7.2694,26.827
2.8983,-10.876,25.837
-7.0051,5.2898,49.097
-9.0555,1.7865,27.499
-8.4555,3.2483,21.182
-6.2081,6.0292,46.496
-0.23674,-10.971,27.739
-7.8948,-6.2962,48.162
1.1959,7.6045,29.337
10.581,7.905,1.7832
-6.5187,13.064,38.865
12.527,2.4044,14.678
-5.5069,13.442,38.269
-6.8846,-7.6072,12.811
-2.1818,-10.569,39.282
3.998,-3.809,45.87
3.2043,-4.2893,22.03
6.3537,1.2933,3.2823
4.3769,-10.515,8.5859
-0.011778,14.138,40.096
-1.2906,14.169,19.288
-0.45878,7.8987,36.589
-9.4423,-0.18152,37.143
5.7344,-1.7311,14.462
6.1219,-9.7988,29.446
-1.9079,7.8639,5.1456
2.958,-4.4025,48.919
4.893,12.876,4.6178
2.3517,13.769,18.848
-6.6809,5.6133,13.878
-1.8755,7.8675,27.316
-3.1664,7.616,27.432
-9.5444,11.358,12.036
3.7664,13.341,21.711
-7.3597,4.8934,13.998
11.255,6.7106,26.861
11.859,5.2908,16.783
12.603,0.72711,42.297
-0.50655,7.9018,36.1
8.5544,-8.1366,14.856
4.7027,-10.407,24.167
9.9596,8.7994,9.6078
-9.4759,-1.1544,9.4532
0.71206,-11.037,31.104
4.8323,-10.36,39.662
-5.0978,-9.1657,42.534
1.1347,-11.04,14.918
0.18776,7.8277,40.079
0.86045,14.05,33.803
-9.9711,11.034,26.634
6.3469,0.56518,27.561
0.66766,-11.036,17.612
12.258,3.9485,36.629
12.195,4.1994,12.275
4.983,-10.304,49.234
-9.4109,-2.1165,43.06
-9.3513,11.497,28.213
8.0724,10.816,31.058
8.0724,10.816,15.333
-3.7617,-9.9464,36.553
-5.0133,6.8468,25.095
8.3035,-8.353,30.979
-5.8503,-8.5961,0.027003
6.4704,-9.6133,34.451
7.5282,11.264,27.046
9.474,9.4028,8.2702
8.3745,10.545,32.846
-9.2102,1.2302,0.54671
0.46815,-11.028,49.97
2.5461,7.0631,49.867
-9.4178,0.063834,4.0073
4.4711,5.6206,17.518
-8.0032,-6.1249,35.157
9.474,9.4028,32.86
8.7061,10.229,11.473
7.8869,10.974,24.016
-5.3889,-8.958,10.972
-7.7236,4.4302,17.298
5.8728,-9.9223,41.265
0.83247,14.053,4.4629
8.3347,10.582,36.524
8.0314,10.851,7.2463
11.944,5.0448,1.7781
-5.0629,13.581,8.8869
-9.4407,-1.8276,16.939
0.91059,7.6822,43.174
6.2353,2.2536,8.9364
3.0541,-10.848,40.371
1.157,-11.04,19.488
0.55968,7.7618,32.765
3.4896,6.4801,1.7489
12.454,-0.95294,4.7976
-5.3551,-8.9829,27.957
10.922,7.3384,29.662
4.4205,-10.502,34.078
1.7597,-11.014,8.7337
-5.7527,6.3765,20.046
10.134,8.564,27.567
2.4768,-4.5814,17.83
1.6523,-4.7678,40.094
-5.6174,13.405,11.342
-0.54242,-10.933,28.219
7.0038,11.653,22.069
7.8453,11.009,22.55
0.91638,14.042,30.382
9.6577,-7.0175,14.757
12.438,-1.0519,41.419
-7.5617,4.6442,2.6821
12.598,0.54999,20.691
9.9489,-6.6667,24.486
11.553,6.0682,9.1998
3.9862,6.0845,12.747
-7.0352,-7.438,33.903
-7.4783,12.623,38.588
12.574,0.095931,25.257
-9.1808,11.616,43.12
-9.2649,0.99307,20.182
12.469,-0.85383,18.356
11.762,-3.5147,47.769
-9.31,0.77243,41.548
3.8424,-3.9184,24.219
10.327,-6.1672,41.911
4.6615,-3.2385,30.299
-9.4355,-1.8854,31.417
1.7217,13.908,17.379
1.1362,7.6218,6.4137
2.4746,-10.942,28.943
-2.8455,7.699,22.142
-4.5612,7.0847,10.868
-8.4587,12.081,21.782
3.1945,-4.2941,42.839
1.9692,13.857,20.999
7.4853,11.297,8.504
-0.55036,14.165,14.334
6.5719,-9.5563,16.311
8.532,10.397,15.47
4.637,-3.2629,16.865
6.3227,1.6875,27.062
-6.9123,-7.5767,6.1226
-9.3605,-2.4823,32.818
4.5698,5.5146,11.058
-2.2326,14.119,7.0218
12.606,1.0821,21.478
11.94,-3.0281,40.305
0.38328,14.105,10.401
4.2651,-3.6011,48.274
-8.9098,11.798,25.54
-8.2582,-5.6889,19.539
3.939,-10.645,14.477
-8.9078,-4.2506,35.547
-9.5684,11.341,8.377
-1.584,7.8947,14.16
2.4332,13.748,2.5538
-8.4639,3.2321,24.263
-1.9946,-10.624,46.042
6.361,1.0058,33.452
6.2134,2.3587,16.308
-8.8136,2.4656,41.65
4.7171,12.956,0.22961
12.507,-0.58035,22.354
-5.4793,13.451,47.733
11.533,6.1162,13.097
9.8735,-6.7602,11.769
-7.8727,-6.3302,9.4671
-9.4752,-1.1927,40.116
0.046944,7.8479,23.951
12.003,-2.8403,3.5255
-9.4636,-0.48517,43.537
12.399,-1.2737,2.0583
8.6677,10.266,1.5783
5.7974,-1.5994,27.066
-6.4832,-8.0242,32.615
12.405,3.2421,34.676
5.7148,3.8165,4.4542
5.4822,4.262,24.022
-2.3128,7.8066,15.951
7.2288,-9.1539,5.286
-0.88931,-10.878,22.675
9.7131,9.1147,12.655
9.4029,-7.3033,22.404
1.8767,-4.7314,31.181
-4.8339,6.9455,26.313
3.5039,13.433,49.881
-9.4658,-1.4618,20.208
0.37964,-11.023,36.824
6.4131,12.047,18.618
-6.615,-7.8924,44.646
-1.9079,7.8639,43.88
-7.3111,-7.1067,16.637
3.4775,13.441,13.634
-8.7506,2.6187,37.247
-9.2559,-3.0388,23.964
6.2104,-0.38046,10.432
12.356,-1.4945,32.674
-4.4556,-9.574,3.871
-5.4964,6.5518,32.62
10.097,-6.4772,6.9048
5.9549,-1.2269,4.3493
1.824,7.3902,17.473
-7.8998,4.181,6.0011
12.507,-0.58035,43.621
8.5367,-8.1523,7.2512
-9.4299,-1.9432,20.604
-2.7462,14.064,49.973
-3.5996,13.933,3.7098
-5.7551,13.357,40.296
-0.56418,-10.929,1.5364
11.868,5.2662,40.764
3.863,6.1894,8.6636
4.3358,13.12,9.8109
-9.3694,-2.4246,1.9886
7.2029,11.51,41.939
0.49582,14.093,40.264
10.288,8.347,1.8592
-6.6297,5.6614,29.552
9.6106,-7.0717,36.033
5.9881,3.1542,13.497
5.7819,-1.6325,5.1572
11.698,-3.6748,48.13
7.7102,-8.8188,49.275
-8.9746,2.0331,37.406
-3.7384,7.4328,30.953
12.533,-0.35566,17.555
-3.6847,13.916,38.142
2.1335,13.82,46.513
5.4114,4.3833,42.675
-2.8032,14.057,25.663
6.1786,-0.51515,24.157
-1.0512,7.9165,28.369
6.3285,0.34724,26.563
-4.1221,-9.7613,35.163
12.325,-1.6411,28.617
4.2031,5.8877,2.7104
-2.957,-10.3,0.79747
-7.2556,5.0149,37.823
12.351,-1.519,48.815
1.447,-11.032,47.523
0.57893,-11.033,3.7712
-8.8175,-4.4925,34.974
1.7217,13.908,23.957
-6.2747,13.163,16.526
-6.9672,-7.5153,42.427
-4.7585,6.9852,39.238
-5.8375,13.328,44.429
12.575,0.1211,34.376
12.525,-0.43065,8.0642
11.255,6.7106,43.945
-1.487,7.9013,1.8112
-4.7277,13.676,0.95883
-1.0351,7.9166,27.987
5.1018,4.8569,37.789
12.233,4.049,49.957
5.1971,-10.221,9.7114
-9.4963,11.393,21.579
-0.69453,-10.91,37.757
12.574,0.095931,30.812
6.348,-9.6802,49.452
6.3537,1.2933,27.991
9.7964,9.0104,9.1838
-3.798,13.894,40.296
-8.3704,3.4092,25.953
4.6413,12.99,4.8033
5.6075,12.517,46.306
-0.74616,7.9129,49.253
4.6777,-3.2221,19.652
7.8244,11.026,14.855
0.046944,7.8479,40.445
5.8764,3.4495,34.415
2.2427,13.795,39.636
12.414,3.1915,8.5988
-6.8148,-7.6832,8.6692
3.2823,-4.2501,30.011
2.8286,-4.456,33.441
-4.1455,7.2736,15.67
-1.7429,-10.693,21.053
-9.4557,-1.635,37.45
3.4511,13.45,38.742
4.4107,5.6833,28.608
0.016496,14.136,29.919
7.6772,11.146,21.624
12.592,1.5903,10.787
3.9748,13.263,31.439
7.9077,10.956,17.886
2.7038,13.677,22.395
-9.2517,-3.0579,41.773
5.3956,-2.3271,20.436
10.731,-5.5645,31.759
-3.7227,7.4385,43.816
9.8458,8.9474,1.8489
0.71206,-11.037,29.084
-8.1063,3.8637,47.035
-9.4592,-0.4091,49.984
12.391,3.318,8.5535
-2.0613,14.132,39.808
-9.3677,0.43852,21.871
-4.3638,-9.6272,40.506
11.694,5.73,29.867
5.1758,-10.229,10.428
2.8921,13.624,11.723
-1.8614,14.146,12.234
-5.6225,-8.7801,23.249
12.408,-1.2245,23.38
11.135,-4.8711,24.174
-3.8014,7.4098,49.847
-9.4767,-1.0968,48.807
4.2912,-3.5793,24.586
4.3903,5.7041,13.498
12.553,-0.1553,26.451
-3.996,13.853,9.4841
-4.7094,-9.4205,45.389
12.047,4.7231,47.116
-1.6901,14.155,22.659
5.1,-2.7412,43.5
-9.4015,-2.1936,41.35
-5.4897,-8.8825,15.281
5.6029,4.0408,29.214
6.1609,2.5817,27.823
-5.8649,6.2953,7.0546
0.97101,7.6668,46.41
3.6674,6.3466,23.716
-7.9988,12.348,43.798
2.0228,7.3093,8.0124
2.0502,-10.99,15.224
-10.295,10.771,45.722
-7.8179,4.2992,43.657
4.993,12.829,16.407
-2.0375,7.8478,22.7
5.5832,12.53,33.581
-4.8166,-9.3526,10.081
-4.3064,13.783,39.954
1.447,-11.032,23.35
-8.3064,12.172,6.2208
-3.3725,13.973,6.8007
-7.2855,-7.1387,32.928
7.7194,11.112,38.796
1.3577,-11.035,49.462
-8.3999,-5.4223,44.673
5.5032,-2.1547,26.252
-7.188,12.765,13.904
-2.3182,14.111,36.964
-3.4715,-10.083,20.293
2.1396,-10.982,6.7974
4.896,5.1308,39.982
10.213,-6.3232,3.7423
-5.7949,6.3463,35.95
6.5922,-9.5448,10.407
-4.8639,6.9293,4.1418
12.357,3.495,42.545
1.8954,7.3619,24.912
8.0519,10.833,32.119
-8.6006,-5.0072,31.669
-3.0383,7.6508,15.39
12.489,2.7095,11.285
4.6918,12.967,12.283
11.985,4.9213,25.581
-3.8263,13.889,18.227
7.9358,-8.6489,10.208
5.7844,3.6655,3.161
0.77397,7.7153,8.3248
11.708,-3.652,36.436
9.7045,-6.9629,46.753
-3.3102,7.5743,9.3134
-1.3254,7.9097,12.027
-0.58593,-10.926,33.257
8.4732,10.453,4.7111
-6.1191,-8.3648,2.1665
1.3898,13.969,38.342
3.3405,-4.2198,16.227
2.1619,-10.979,34.079
-7.1615,12.778,4.5986
-8.5158,-5.1886,32.955
-3.9903,-9.831,38.842
-9.4725,-0.69484,0.55498
6.0621,-0.92354,32.023
-5.2576,13.522,22.876
0.58013,14.084,39.669
2.1349,7.2606,34.715
4.8108,-10.368,18.654
-9.453,-1.6735,42.296
4.0252,-3.789,0.33256
6.2513,-0.1825,18.795
-9.3316,-2.6553,9.0955
11.135,-4.8711,31.893
-1.205,14.171,34.744
-5.5231,-8.8571,13.947
-3.4853,7.5196,44.872
6.0846,-0.8524,8.8484
2.6532,-10.916,23.467
-8.0032,-6.1249,37.56
11.993,4.8965,33.319
12.564,-0.029784,47.743
11.753,-3.5376,13.381
1.0234,-11.041,7.414
12.606,0.90448,8.4324
2.2737,-10.967,32.619
6.4501,-9.6245,5.9947
6.2961,1.8982,0.86973
1.4024,-11.033,39.442
5.2553,-2.5333,1.9409
6.2353,2.2536,8.0581
5.0428,12.805,36.777
-2.1185,7.8367,39.88
3.8856,6.1705,13.969
-2.5727,-10.442,22.33
-8.6415,-4.916,9.9999
12.503,-0.60527,46.28
1.782,-11.013,3.8171
7.9491,10.921,39.521
10.493,-5.9294,31.364
0.3589,7.7997,10.66
-7.5617,4.6442,9.2091
7.2873,-9.115,38.897
-7.1288,-7.3287,32.86
-2.3753,14.105,2.8084
1.7768,13.897,27.97
-5.167,-9.1177,47.603
6.219,2.3324,25.118
3.5829,13.405,19.575
-9.439,-1.8469,7.8485
6.2238,-0.31885,36.465
11.204,-4.7418,47.003
8.2948,10.618,11.358
-8.6088,2.937,30.957
-5.6718,-8.7411,45.84
6.2158,-0.35584,23.879
-4.3822,-9.6166,4.4065
12.264,3.9234,26.658
-0.74935,14.17,16.078
8.4929,10.435,8.785
11.858,-3.2609,39.522
-1.0351,7.9166,41.419
0.046944,7.8479,37.484
1.8319,13.886,44.014
6.248,2.1878,37.432
-7.6596,4.5165,25.838
-7.8385,4.2698,19.393
1.1347,-11.04,18.251
1.0679,-11.04,32.203
4.3081,5.7864,19.374
1.3879,-4.7973,42.274
-4.1596,-9.7411,36.386
-10.041,10.979,29.149
4.4309,5.6624,47.281
-9.1494,-3.4776,42.794
-2.796,-10.361,11.242
-1.9889,7.8541,9.385
12.475,2.8111,37.885
-4.4189,-9.5954,18.089
-2.0327,14.135,41.268
6.1927,2.4506,2.0703
-8.5345,12.035,27.453
11.798,-3.4227,26.974
-7.0536,5.2383,29.3
6.7734,-9.4392,46.196
-0.29493,14.155,28.376
-1.8043,14.149,34.866
10.038,-6.5534,14.105
3.1062,-4.3362,36.021
-8.1536,3.7867,32.519
-0.66404,14.168,3.6698
9.0994,9.8231,17.377
-5.7809,6.3564,9.8533
4.9922,5.0063,19.003
2.2513,-10.969,28.653
-0.97559,-10.862,10.44
-0.15326,14.147,41.396
7.0038,11.653,27.989
-6.9809,-7.4999,44.123
-2.0154,-10.618,47.155
3.3929,6.5493,29.813
12.001,4.8718,11.532
12.377,3.3939,24.494
6.2316,-0.28177,4.8519
-7.9926,-6.1421,29.391
-0.45878,7.8987,18.809
-3.0027,14.03,46.671
-1.5474,14.162,11.968
4.369,-3.5127,2.5911
4.893,12.876,40.669
12.602,1.3106,48.366
11.694,5.73,39.469
-7.1018,5.1865,18.688
-2.2326,14.119,0.12206
6.1155,2.7517,10.467
2.2972,13.782,41.029
-5.2186,-9.0813,32.398
-5.1742,13.548,25.19
9.0074,9.921,6.9365
-2.4294,-10.49,0.94274
-7.6055,4.5877,25.866
3.2984,-10.8,26.701
-9.0216,1.8925,47.535
5.2398,-10.203,46.991
6.8933,-9.3669,31.943
-8.0351,-6.0731,30.673
2.6768,13.685,45.577
-9.4963,11.393,36.336
0.98609,7.6628,11.806
-1.89,-10.654,21.628
10.313,-6.1868,2.1527
8.1132,10.78,35.579
-1.9756,14.139,24.22
0.97226,14.034,13.684
12.503,2.6078,46.348
0.63628,14.078,4.5075
8.5189,-8.168,3.2891
1.8869,-4.7295,15.518
-7.7763,4.3577,4.5372
4.8131,-3.0795,24.895
6.693,-9.4866,28.185
2.4651,7.1045,39.941
-4.6436,13.698,35.126
5.3638,12.645,14.846
-3.4058,7.5449,14.071
-5.1761,6.7523,24.276
-0.23674,-10.971,18.458
11.635,5.8754,10.525
-3.8957,7.3742,3.0203
6.7533,-9.4511,43.3
-4.4082,7.1574,19.587
8.8956,10.037,6.302
-7.6163,4.5735,12.002
9.2229,-7.4945,19.187
3.3807,6.5579,39.85
4.7171,12.956,0.5244
-9.447,-0.23832,47.083
-5.6554,-8.7541,48.075
6.3537,1.2933,3.7642
6.1963,-0.44183,48.682
7.0038,11.653,42.196
-4.6374,-9.465,42.818
-6.7157,-7.7884,6.2925
2.8115,13.647,28.989
11.584,-3.9468,19.325
5.8101,-9.9521,14.466
12.436,3.0648,18.411
5.3364,-2.4164,48.74
11.574,6.0201,16.54
-5.1186,13.564,13.64
-2.8776,7.6913,45.502
1.6422,-4.7692,19.08
11.425,6.3554,17.955
-3.927,7.3621,31.94
11.891,-3.168,4.0326
-8.6352,11.973,36.546
1.6625,-4.7664,9.6423
-1.7783,7.8778,35.137
-4.8875,-9.3067,17.406
11.76,5.5598,26.465
1.7236,7.4287,1.5301
-4.7736,6.9773,24.862
12.436,3.0648,44.923
12.522,2.4553,22.939
-6.3819,5.8834,17.727
-6.1656,-8.3231,15.616
7.9903,10.886,43.706
8.2672,-8.3833,30.92
-6.0409,-8.4337,25.365
8.0928,10.798,20.19
-5.9779,-8.4883,4.7992
12.587,1.692,0.21076
12.606,0.90448,3.4806
4.1803,-10.576,46.833
-3.8574,-9.899,35.024
-8.9791,-4.0446,44.209
-0.35165,14.158,11.972
-9.3807,-2.3476,28.467
4.8151,5.2314,32.098
-4.3774,7.1716,26.586
11.928,5.0941,32.172
-4.5033,13.735,13.735
4.4542,-3.4369,9.9112
6.0186,-1.0529,14.459
-1.5032,7.9003,38.872
-0.31582,7.8877,17.845
-8.7071,2.7199,20.1
11.196,6.828,4.4249
1.556,13.939,32.17
0.20336,7.8254,29.502
6.3071,-9.7022,38.102
9.5259,9.3416,4.7409
9.6106,-7.0717,7.5945
11.184,6.8514,45.663
9.7818,-6.8713,7.6889
6.7734,-9.4392,24.8
11.894,5.1925,19.47
-9.3921,0.27036,29.978
1.0839,14.018,28.592
10.692,-5.626,5.5377
4.6661,5.407,19.154
11.732,5.6328,45.129
1.6523,-4.7678,22.581
7.4617,-8.9962,45.314
-0.79422,7.9142,9.507
-7.1685,-7.2815,20.758
2.0398,-4.6983,14.497
3.0947,6.7482,19.882
12.574,1.8956,40.219
-7.5946,4.6019,6.9635
-6.4916,13.075,27.117
8.9883,-7.7315,43.889
6.2265,-0.3065,37.842
5.6029,4.0408,10.738
0.29123,-11.018,44.232
-5.2576,13.522,8.6389
1.6703,-11.02,30.745
1.1396,14.01,35.181
0.24239,14.118,20.085
12.223,-2.0776,10.368
-1.89,14.144,28.962
0.66708,7.7393,18.794
8.4296,-8.2457,13.035
0.84536,-11.04,29.711
2.416,-4.6001,32.741
-5.7826,13.347,4.2614
5.8427,-1.4993,45.84
5.9505,-1.2384,34.03
1.5933,7.4761,38.338
-0.1892,7.8757,21.921
6.219,2.3324,17.146
-4.3638,-9.6272,21.468
12.496,2.6587,44.478
12.51,-0.55543,44.583
-8.4218,3.3129,45.573
-0.86318,14.172,13.47
2.8983,-10.876,45.868
10.211,8.4559,9.6613
7.4638,11.314,6.1046
1.8319,13.886,35.209
12.579,0.17145,33.013
8.5011,-8.1836,3.656
10.424,-6.029,43.743
-1.1046,-10.838,6.6396
-7.1257,5.1604,37.243
11.877,5.2417,14.774
4.8323,-10.36,38.409
12.584,0.24704,28.786
6.2923,1.9245,47.844
4.8985,-2.9844,23.569
10.273,8.3688,10.247
-5.4394,-8.9204,40.596
9.9489,-6.6667,0.31825
6.892,11.731,43.707
-7.9501,4.1064,0.050398
12.598,1.4377,30.393
11.911,5.1433,49.586
6.3258,0.32172,5.9787
11.769,5.5354,22.802
4.94,-10.321,34.009
-8.2043,12.231,5.7709
-8.584,-5.0436,30.858
2.5878,-4.5449,37.331
-0.26659,14.153,29.178
-5.7001,13.376,10.871
5.8287,3.5641,9.4519
-3.2588,13.992,6.8164
-8.6415,-4.916,10.109
1.9175,-4.7236,42.889
12.522,-0.45562,49.266
6.4704,-9.6133,4.7363
4.3101,13.131,20.798
5.207,4.7052,28.476
-8.8318,-4.4554,33.132
12.259,-1.9327,26.915
-6.644,-7.8628,33.174
1.7236,7.4287,18.129
-9.3723,-2.4053,19.745
9.6263,-7.0537,12.567
1.4473,7.5261,33.2
8.3546,10.563,6.2535
5.4961,4.2375,39.129
-8.7929,2.5168,27.695
5.9197,12.344,17.183
7.7825,11.06,18.61
2.9874,-10.861,44.9
-0.3793,7.8929,41.539
9.5154,-7.1793,26.488
4.2845,13.141,23.754
1.8526,7.379,6.8796
-8.5775,3.0031,5.3889
-9.7591,11.198,47.286
3.6092,13.396,49.464
12.098,-2.5327,31.279
6.8245,11.778,9.887
12.604,0.8031,42.791
5.9673,12.317,15.484
-3.8486,7.3921,29.499
-7.0486,-7.4224,27.829
4.0161,-3.7957,30.474
7.5577,-8.9288,37.54
11.135,-4.8711,11.642
-3.0596,14.022,6.9794
-2.204,14.121,45.116
-0.68214,7.9106,1.4275
-6.0036,6.1912,36.909
5.1428,4.7988,46.909
5.6075,12.517,45.461
-6.4387,-8.0676,39.806
2.5172,-4.5684,36.625
0.74845,14.064,32.502
-1.2119,-10.816,39.538
-3.145,14.009,49.197
4.3172,-3.5573,34.002
9.9489,-6.6667,30.206
3.0763,-10.844,6.1034
12.603,1.2852,29.564
12.606,0.92983,24.537
-8.3573,12.142,25.51
6.3026,0.13121,29.051
-5.645,13.395,5.2564
6.3216,0.28349,44.813
-1.1962,7.9141,44.775
-5.2055,6.7347,14.686
12.551,2.1755,6.271
-9.2013,1.2664,1.0923
8.3397,-8.3226,0.55474
-0.71414,7.9118,43.6
-6.5393,5.7444,7.6046
5.6599,3.929,49.682
9.9917,8.7569,21.203
5.5636,4.1149,24.706
-6.8707,-7.6225,38.779
-9.3996,0.21414,6.0107
-4.5765,7.0772,4.535
-7.5718,-6.7655,42.842
-3.0311,14.026,6.3097
-5.4239,13.469,29.808
-0.87442,7.9159,22.315
-9.4178,0.063834,4.058
4.6279,5.4502,48.614
-8.9601,-4.1009,24.75
10.495,8.0387,1.0649
5.0474,-10.28,41.631
-2.6036,14.081,20.338
5.9371,-1.2728,38.676
-9.0457,-3.8375,21.862
-9.3834,-2.3284,3.7072
11.337,-4.4804,47.442
-2.0154,-10.618,10.698
5.3147,12.67,36.58
-8.3629,-5.4938,40.005
6.0806,-9.8198,0.96665
-9.4762,-0.84773,35.458
6.6658,11.884,6.9466
6.2272,2.293,30.589
7.571,11.23,31.254
12.585,1.7175,43.633
10.211,8.4559,33.818
-4.3908,13.763,38.725
3.863,6.1894,37.257
2.7787,-4.4756,0.89071
5.4278,-2.2768,17.102
-7.3239,-7.0907,5.2899
12.598,0.54999,34.217
-0.040059,14.14,32.673
-2.9259,7.6795,27.19
6.3585,0.81071,19.595
11.956,-2.9813,15.925
-8.6352,11.973,13.431
5.7892,-9.962,5.0058
5.159,4.7755,11.431
4.4611,5.6311,0.95627
-8.6165,2.9204,21.106
4.3776,-3.5052,20.546
11.632,-3.8339,14.817
9.154,9.764,44.212
2.6684,-4.5167,22.912
9.8583,-6.7788,3.6381
8.0519,10.833,9.7745
-3.7617,-9.9464,10.799
-9.2345,-3.1344,37.286
-5.2788,6.6902,29.63
-4.6716,13.691,30.928
-4.5875,13.713,44.801
2.296,-10.964,31.646
-5.9622,6.2227,33.848
6.2326,2.2667,29.408
5.6843,-10.011,2.9059
6.3548,0.7071,32.938
-4.3908,13.763,30.842
4.8908,-2.9931,13.169
-1.1476,-10.829,48.607
2.8921,13.624,0.92714
12.07,4.6485,31.943
12.548,2.2009,41.545
9.6287,9.2183,23.272
-5.4239,13.469,33.068
-7.5286,4.6863,15.298
3.0372,-4.3678,26.028
11.447,6.3077,26.296
3.1945,-4.2941,37.22
9.7798,9.0313,20.382
-3.2872,13.987,2.2299
-8.2872,-5.6358,19.378
-1.0625,14.172,12.166
4.7171,12.956,26.985
11.074,7.0613,16.673
-8.409,-5.4044,28.033
-6.084,13.237,5.5339
6.7132,-9.4748,39.88
10.495,8.0387,35.973
-7.8948,-6.2962,34.761
-5.5729,-8.8187,24.377
7.5496,11.247,47.934
5.7762,12.425,10.295
3.6879,13.369,22.509
-5.7276,13.367,14.266
3.2658,13.511,29.981
3.5256,6.4538,30.087
-0.63419,7.9086,48.966
-2.796,-10.361,40.979
10.199,-6.3426,30.845
7.9171,-8.6633,18.449
6.3357,1.5559,5.7589
-9.4636,-0.48517,4.5666
9.8786,8.9053,24.342
8.4929,10.435,11.797
-3.9896,7.3375,38.199
9.2979,9.6048,29.466
11.005,-5.1056,19.902
12.062,4.6734,10.411
-0.97707,14.172,11.822
-3.5105,-10.065,38.293
-6.6584,-7.848,18.979
-0.57877,14.166,37.543
6.2903,1.9377,45.497
-7.4866,-6.8803,2.1374
12.436,3.0648,26.216
-7.3746,-7.0264,17.078
6.2961,1.8982,32.248
-4.4373,-9.5847,48.86
-3.9896,7.3375,7.5065
2.3183,-10.962,16.234
-2.6135,-10.427,26.913
1.938,7.3446,28.707
-8.8601,11.83,3.776
-7.4505,4.7837,20.129
-8.3064,12.172,27.484
6.0385,12.275,9.4628
-5.5898,13.414,19.508
6.2628,-0.12017,43.232
4.9922,5.0063,38.338
1.5351,7.4964,17.54
-4.2695,7.2201,2.9764
11.474,-4.1931,2.0875
-8.0032,-6.1249,44.155
-6.7879,12.949,29.298
-5.9303,-8.5289,43.331
2.363,-10.956,19.025
5.7443,3.7537,47.734
8.6869,10.247,23.183
4.1816,13.183,1.8224
11.652,-3.7885,37.23
2.8652,13.632,28.963
9.2979,9.6048,12.26
-7.2208,-7.2183,13.503
-0.82449,-10.889,4.9163
8.0109,10.869,4.732
-9.2649,0.99307,18.118
-5.5538,6.5137,42.931
4.4542,-3.4369,34.753
8.2948,10.618,44.602
12.604,0.77776,49.554
-9.4646,-0.5042,18.192
-4.9686,6.8719,26.618
-2.7166,7.7284,23.932
5.4258,4.3591,26.266
6.3167,1.7401,8.6593
-2.6892,14.071,33.369
12.142,4.3994,10.745
5.866,3.475,27.868
6.1536,-0.61236,48.356
12.596,1.4886,49.084
-8.9625,2.0681,5.125
10.705,-5.6055,37.192
2.7984,6.926,24.561
2.1489,7.2544,7.5569
9.2263,9.6846,39.399
6.1958,2.4375,23.911
6.1509,2.621,1.8539
4.438,13.077,31.045
7.9697,10.904,40.3
-5.8181,-8.6227,11.618
-3.0171,-10.276,46.474
7.8234,-8.7346,21.039
-4.1221,-9.7613,22.817
-7.3366,-7.0747,49.655
8.1577,-8.4733,34.627
6.8534,-9.3912,0.18333
6.347,1.4114,20.661
-6.7948,5.5035,42.439
-1.8614,14.146,12.664
0.97226,14.034,13.958
11.208,6.8046,28.222
9.0994,9.8231,0.42451
5.6075,12.517,25.664
2.1767,7.2419,16.68
-5.5967,6.4848,40.808
-4.9228,-9.2835,8.3081
-6.9193,5.3787,13.478
6.053,2.96,11.035
11.359,6.498,23.615
-0.047304,7.8599,13.073
12.53,-0.38067,19.611
11.632,-3.8339,13.597
3.0175,-4.3766,29.314
12.603,1.2852,14.589
1.8954,7.3619,49.221
5.215,4.6935,45.141
7.7615,11.078,11.488
-3.0703,7.6423,18.746
-4.9984,6.8552,3.5742
-1.806,-10.676,39.645
-6.4375,13.097,35.747
5.1998,-2.6099,33.207
10.757,-5.5234,34.821
10.211,8.4559,17.769
6.7934,-9.4273,16.704
10.053,-6.5344,25.965
5.0517,4.9262,4.221
4.2331,13.162,31.192
10.61,7.8602,37.139
-1.6002,7.8934,20.122
9.7131,9.1147,11.267
10.103,8.6071,39.404
6.1755,-0.52734,46.55
12.235,-2.0294,37.494
2.3835,7.1449,36.166
0.55677,-11.032,46.076
9.4514,-7.2504,14.463
0.062623,7.8458,27.419
11.469,6.2599,29.48
-0.096646,14.144,44.434
-0.047304,7.8599,0.16937
10.227,-6.3038,29.498
12.553,-0.1553,4.1089
11.741,5.6085,19.452
-5.7045,-8.715,10.091
5.6221,4.0036,31.115
-4.6914,-9.4316,11.373
-0.86318,14.172,30.194
6.2863,1.964,34.806
5.68,12.478,36.88
6.3602,0.88861,2.768
-1.0351,7.9166,25.123
10.666,-5.6668,14.715
-3.2872,13.987,46.411
6.3582,0.79774,23.549
10.82,-5.42,40.861
8.3148,10.6,12.837
11.249,-4.6551,26.86
-9.1694,-3.4015,13.662
-4.8489,6.9374,3.781
12.576,1.8701,41.286
5.8127,-1.5661,40.166
5.7088,3.8291,30.752
4.997,-2.8689,46.359
-6.5262,5.7561,5.4222
3.8517,6.1988,19.693
-9.2609,1.0114,2.0803
-7.9495,-6.2108,40.117
7.399,11.363,26.166
6.3052,1.8323,25.163
5.7018,-1.7962,9.0453
5.8959,12.358,37.821
-0.36342,7.8916,46.651
-8.4182,-5.3865,28.454
4.8754,-10.345,37.558
3.3562,6.5749,14.797
-6.1268,6.0948,6.8242
6.1642,2.5686,37.995
2.4515,7.1113,39.551
4.8178,12.91,25.113
3.8447,13.312,13.145
-7.7763,4.3577,47.347
12.119,-2.4612,3.3231
12.264,3.9234,13.482
-10.157,10.885,1.5885
12.182,4.2494,21.52
5.552,-2.072,28.912
-7.1288,-7.3287,40.875
1.7217,13.908,32.331
6.174,2.5293,3.9846
11.403,6.403,28.322
-8.6973,-4.7878,11.457
-9.3282,-2.6745,4.4012
3.4511,13.45,35.985
-3.2555,-10.178,44.549
-8.584,-5.0436,43.351
-8.7604,11.894,15.116
12.032,4.7727,19.964
-6.3789,-8.1252,8.3356
5.6317,12.504,25.613
-8.0561,-6.0386,4.7841
-2.8032,14.057,40.891
-5.8375,13.328,18.569
5.9561,-9.8818,36.192
1.1793,-11.039,37.375
-7.7598,-6.4992,13.69
-1.4253,-10.77,7.551
-6.3019,13.152,12.111
-2.765,7.7177,34.182
-9.1494,-3.4776,46.501
9.1732,-7.5459,28.129
-2.958,7.6715,3.9764
1.359,7.5547,48.71
3.3308,-4.2249,44.824
1.5059,7.5064,10.813
-3.996,13.853,12.449
3.3871,-10.78,48.392
-1.0625,14.172,31.631
1.2788,13.988,4.0032
8.2126,-8.4285,21.808
11.337,-4.4804,17.114
-0.41164,-10.95,1.4523
-1.0056,14.172,34.269
11.443,-4.2598,34.057
3.2541,-10.809,48.861
-8.5849,12.004,5.6273
-2.3883,-10.504,17.411
-0.55036,14.165,30.714
3.2541,-10.809,38.118
-9.2212,-3.1917,12.424
-3.4293,13.963,15.936
3.5303,13.424,40.974
-9.1595,-3.4395,30.755
-9.4456,-1.7698,41.883
6.1271,-0.70889,16.627
-2.8566,-10.339,14.934
-0.039288,-10.992,26.275
3.9252,-3.8612,31.537
-9.3574,-2.5015,17.411
4.6661,5.407,36.295
-4.9234,13.622,28.722
10.097,-6.4772,28.179
-8.3254,-5.5649,24.134
11.147,-4.8496,25.244
5.3364,-2.4164,22.995
-0.83471,14.171,11.193
2.7424,-10.902,17.618
7.4424,-9.0096,37.848
-3.7414,13.905,39.651
12.421,-1.1506,40.146
-7.7236,4.4302,15.511
-9.1318,11.649,38.606
12.546,-0.2305,11.995
5.3603,4.4676,0.78197
2.3835,7.1449,23.797
1.3577,-11.035,12.007
6.1897,2.4637,41.301
10.506,-5.9094,44.882
2.2599,7.2038,31.211
1.6665,13.919,4.935
11.985,4.9213,29.57
9.9037,-6.7229,22.086
-3.1504,7.6205,2.5355
3.405,6.5408,23.171
10.932,-5.2321,27.329
6.3608,1.0449,15.253
6.9144,11.716,25.598
7.7291,-8.8049,4.7974
10.721,7.6802,17.763
1.2231,13.997,15.011
-5.3662,6.6357,28.7
-3.4128,-10.109,7.7271
12.055,-2.6751,49.666
-6.6805,12.995,15.276
4.5796,-3.3193,19.506
9.474,9.4028,1.8107
6.3598,1.1101,41.687
11.469,6.2599,31.894
-1.8107,7.8745,30.549
-6.498,-8.0097,34.368
-8.4303,3.2968,34.308
1.1396,14.01,11.829
11.664,5.8028,37.275
-1.5474,14.162,24.276
-8.7648,2.5848,23.971
-2.1509,7.832,46.224
0.51245,-11.03,39.201
-6.2118,-8.2811,9.56
0.26569,7.8155,1.7788
5.68,12.478,10.361
9.9435,8.8207,46.312
11.859,5.2908,35.458
11.645,5.8512,20.912
-8.1891,-5.812,35.118
9.4566,9.4232,23.581
-5.9067,6.2644,29.214
-2.1755,14.123,45.043
-7.7483,-6.516,15.871
-0.14907,-10.981,16.144
8.5721,-8.1208,18.586
5.9197,12.344,11.182
3.2204,6.667,22.889
12.566,-0.0046571,21.387
3.0471,-4.3634,45.565
-1.633,14.158,39.222
-4.1372,13.822,36.665
-9.3416,-2.5976,47.594
-4.5104,-9.5417,38.824
-8.1253,3.833,32.489
-0.83471,14.171,42.818
11.215,-4.7202,14.947
3.1328,13.553,12.513
6.3245,0.30897,0.29087
12.169,4.2995,28.259
-7.1288,-7.3287,27.315
-3.2623,7.5885,42.135
12.482,2.7603,16.038
5.5338,-2.1031,26.326
-4.4739,-9.5632,0.63802
1.4473,7.5261,38.308
8.3745,10.545,18.598
2.6228,13.699,17.448
8.1943,10.708,45.695
-4.2713,-9.6795,34.906
0.91638,14.042,16.33
8.0842,-8.5325,17.506
12.562,-0.054903,39.527
-8.6603,11.957,11.027
2.8538,-10.884,49.288
-9.4132,-2.0973,7.7327
-1.2336,14.17,16.802
-2.9259,7.6795,2.9107
5.4128,12.62,16.072
3.3317,6.5919,17.579
-2.8162,-10.354,6.886
2.9878,-4.3897,30.459
1.7374,-11.016,34.182
-9.4557,-1.635,5.2947
-8.4808,-5.2608,24.916
-6.8415,12.925,48.21
2.6498,13.692,15.332
1.3621,13.974,28.263
-3.2019,14.001,17.233
-4.0988,7.2931,30.37
6.3413,1.4902,17.493
12.331,3.6212,11.976
9.1231,-7.5969,24.586
-8.2002,3.7091,4.1551
9.6287,9.2183,19.351
1.2016,-11.039,32.158
4.0958,5.9871,32.011
12.287,3.8228,40.817
5.0769,4.8916,34.296
11.977,4.946,3.131
-1.1904,-10.821,31.256
6.3523,0.65542,3.611
1.7768,13.897,41.384
12.572,0.070772,39.296
12.27,3.8982,48.231
-5.5231,-8.8571,23.337
3.4177,-4.1782,3.2219
5.2207,-2.5813,12.79
-5.606,-8.793,2.2487
0.4677,14.096,44.057
12.592,0.3984,16.962
8.7443,10.191,16.039
-3.3343,-10.144,15.923
-3.8546,13.883,46.664
12.606,1.0821,27.183
-1.2336,14.17,25.067
4.441,5.652,19.052
8.1741,10.726,15.359
0.77647,14.061,26.428
-7.2208,-7.2183,26.152
12.581,1.7938,27.216
8.1132,10.78,29.403
2.438,7.1181,21.35
-4.8875,-9.3067,34.402
-8.632,2.8872,14.899
-0.61821,7.9079,22.682
4.4309,5.6624,34.977
-3.9395,13.865,38.844
5.1671,4.7638,20.298
-5.9937,-8.4747,17.046
6.0544,-0.94716,20.346
8.1943,-8.4434,30.179
4.8423,5.198,36.187
10.957,-5.1901,17.188
-1.3614,-10.784,38.269
-9.4481,11.428,9.1302
12.592,0.3984,5.6374
-4.254,7.2269,14.788
7.973,-8.62,24.637
3.3194,6.6003,10.187
0.93433,-11.041,7.2771
-4.3064,13.783,44.103
-8.3089,3.5206,48.595
12.594,1.5394,18.795
-9.4176,-2.0588,27.218
-0.99713,-10.858,29.998
12.04,4.7479,29.535
8.5367,-8.1523,46.488
2.6228,13.699,38.811
10.986,7.2233,42.33
-8.4555,3.2483,21.406
-10.455,10.636,10.873
12.601,1.3615,21.003
12.017,4.8223,21.279
-7.3872,-7.0102,41.425
1.447,-11.032,19.785
4.2896,-10.543,35.545
-7.5286,4.6863,27.839
8.2308,-8.4135,4.1632
9.2443,9.6647,20.981
12.298,3.7724,24.71
12.603,1.2598,42.592
9.6733,-6.9993,4.4784
3.6747,-10.713,18.244
-7.7253,-6.5496,6.3477
-9.4738,-1.2504,25.8
-8.6657,-4.8611,37.77
5.0676,12.793,21.218
9.6626,9.177,20.192
-8.6923,2.7535,42.974
1.8319,13.886,42.374
7.1308,-9.2178,2.4716
-9.1983,-3.2872,6.6174
0.3744,7.797,38.057
9.0443,9.882,32.966
8.1538,10.744,41.066
-7.5308,12.597,0.68873
-9.3664,-2.4438,33.178
2.573,7.0491,34.4
-7.0415,5.2512,5.7488
12.315,3.6968,36.206
-5.5563,-8.8315,33.103
-0.95473,7.9166,41.153
12.172,-2.27,30.551
-1.869,-10.659,10.664
3.829,6.2176,45.655
-9.9945,11.016,45.044
0.4677,14.096,6.1288
10.318,8.3033,44.573
0.94433,14.038,15.27
-9.4109,-2.1165,48.152
10.038,-6.5534,31.56
-5.0907,13.573,12.981
12.525,-0.43065,4.8214
-1.8043,14.149,35.936
3.3888,-4.194,8.5763
5.8481,12.385,12.194
-5.8375,13.328,10.249
6.1012,-9.8094,9.1402
1.648,-11.021,18.163
1.8767,-4.7314,48.746
7.0124,-9.2931,49.324
10.64,-5.7076,24.052
1.6514,7.4553,30.418
8.5721,-8.1208,41.843
-8.219,-5.7593,18.766
-4.6436,13.698,10.235
2.7647,-10.899,26.836
-8.6472,2.8539,17.637
6.9331,-9.3425,1.5294
6.7113,11.854,5.3959
0.77397,7.7153,46.471
-8.9343,-4.1758,11.615
-8.3178,3.5047,26.173
-6.2475,13.174,15.862
-9.4259,-1.9817,5.4324
-9.2345,-3.1344,32.54
-7.9401,4.1214,31.862
6.9926,-9.3055,42.701
12.298,3.7724,21.807
-9.426,-0.011519,47.81
-6.6728,-7.8332,28.731
10.775,7.5896,41.133
-9.4557,-1.635,2.7755
0.66434,14.074,49.288
-9.184,-3.3443,35.813
4.491,5.5995,3.9129
-9.4279,-1.9624,8.0556
11.815,5.4133,39.148
-1.848,-10.665,46.769
9.7298,9.0939,7.3711
-3.9395,13.865,11.097
-9.1694,-3.4015,9.6257
10.369,-6.1082,46.359
3.9708,-3.8287,21.472
12.553,2.1501,25.413
-5.5346,13.432,29.474
-9.3921,0.27036,15.799
4.3333,-10.529,29.41
5.2696,4.6108,14.137
12.362,3.4697,0.76777
-2.9971,-10.284,7.6001
4.3081,5.7864,21.865
-6.2747,13.163,41.188
-6.9752,12.865,13.059
-2.518,14.091,26.121
-7.4783,12.623,0.81765
9.3705,-7.3383,6.0083
6.5284,11.974,37.847
3.6181,-4.0624,41.34
4.0612,-3.7621,46.114
1.0839,14.018,3.9306
1.8319,13.886,26.429
-7.6196,-6.6994,10.29
-6.4916,13.075,17.298
4.1042,13.213,15.531
11.661,-3.7658,6.9454
7.5496,11.247,17.324
12.606,0.98056,0.83564
-9.4648,-1.4811,24.207
-2.0898,14.13,29.1
7.6772,11.146,28.055
1.056,14.022,10.987
-8.0139,-6.1077,21.337
3.1594,13.544,19.508
-2.1671,7.8296,31.12
6.225,-9.7456,19.075
5.2824,-10.186,34.496
-6.0173,6.1806,8.1323
9.2064,-7.5116,47.189
-5.8824,-8.5693,18.21
4.9181,12.864,0.78793
12.586,0.29747,3.2778
5.7207,3.804,47.195
11.089,-4.9568,20.394
-7.1947,-7.25,32.231
-6.8984,-7.592,5.0139
-7.4257,12.649,22.953
-9.3888,-2.2899,37.146
7.9171,-8.6633,40.794
-6.0996,6.1164,27.765
12.106,4.5241,35.215
6.0733,2.895,9.0881
8.3148,10.6,25.402
5.4735,-10.105,2.4333
1.6113,13.929,9.8075
-0.92259,7.9164,31.948
-7.6877,12.515,29.202
9.4216,9.4637,37.539
-2.4324,14.1,49.315
9.751,-6.908,18.384
-3.7227,7.4385,26.999
-2.426,7.7868,16.564
11.148,6.9216,26.042
12.524,2.4299,3.6856
-0.21483,-10.974,46.41
-3.798,13.894,46.397
-5.7104,6.4064,38.239
1.1362,7.6218,34.954
7.4038,-9.0362,33.95
6.1838,-9.767,13.005
-8.2278,3.6622,27.999
-8.7604,11.894,40.168
11.315,-4.5242,2.7706
7.8422,-8.7204,41.85
10.097,-6.4772,15.112
5.3037,-10.177,22.329
-10.5,10.597,20.532
12.56,-0.080014,19.934
3.7122,-4.0039,21.79
2.121,7.2668,16.823
6.2883,1.9508,9.9876
-5.6725,13.386,33.308
1.7237,-4.7574,19.383
-9.3135,0.75397,12.317
6.1271,-0.70889,30.901
-9.3635,-2.4631,48.072
6.1063,-0.78084,22.372
-0.10518,-10.985,46.923
9.0391,-7.6813,47.932
5.3497,-2.3966,26.459
9.2064,-7.5116,46.463
6.3486,1.3852,42.471
0.97226,14.034,7.1164
3.0986,-10.84,36.821
1.4693,-11.031,30.09
-0.67283,-10.913,30.782
-1.0187,-10.854,18.122
3.851,-10.668,39.497
6.2379,2.2404,45.85
2.6532,-10.916,31.249
4.6086,5.4718,41.717
9.7298,9.0939,36.186
2.9725,13.601,21.961
-9.2992,0.82774,31.487
3.9862,6.0845,25.921
-3.5011,7.5144,45.918
5.5832,12.53,47.648
2.8538,-10.884,19.193
3.5829,13.405,1.7334
-2.8602,14.05,22.925
12.519,2.4807,34.084
-9.016,-3.9317,49.105
3.0056,6.8037,37.709
-5.7696,-8.6625,7.1788
6.2822,1.9903,26.78
-1.5188,14.163,47.499
-0.14907,-10.981,19.98
0.21418,14.12,27.668
12.27,-1.8842,44.804
-9.1392,-3.5156,12.611
-9.4628,-1.5195,47.19
-7.9058,-6.2791,10.545
-6.4347,5.8375,36.367
5.0415,-2.8146,47.867
5.0925,12.781,6.424
-8.853,-4.3997,3.1707
-9.3619,0.47579,23.162
-6.2578,-8.2389,3.674
11.041,-5.042,28.926
4.139,5.9475,21.961
-0.25863,-10.969,32.547
-1.3762,14.167,39.413
5.0688,-10.271,6.0265
-4.9234,13.622,26.673
5.1428,4.7988,13.447
5.3364,-2.4164,28.673
-9.5923,11.323,48.634
2.608,-4.538,26.526
9.6456,9.1977,26.584
11.928,5.0941,14.828
8.6291,10.304,9.9053
9.0896,-7.6308,46.714
4.6161,-10.437,18.162
9.9111,8.863,47.566
0.86045,14.05,27.562
-8.584,-5.0436,40.921
-3.5145,13.948,11.069
-2.4098,7.7898,42.923
-6.3034,-8.1965,14.709
5.7682,-9.9718,32.555
-9.4764,-0.86687,44.142
1.0234,-11.041,35.963
4.3259,-3.5499,14.089
1.7768,13.897,32.421
4.704,5.3635,14.757
12.298,-1.7628,3.336
12.169,4.2995,9.0384
11.315,-4.5242,27.429
0.5289,7.768,2.3936
5.0601,4.9147,7.6349
6.3608,1.0449,15.729
-9.2649,0.99307,36.756
6.5719,-9.5563,24.285
5.4784,-2.1957,25.857
-9.457,-1.6158,38.278
-6.0036,6.1912,4.4213
12.604,0.75243,31.139
-0.84611,-10.885,16.946
6.2693,2.0693,20.304
3.8186,13.321,37.518
-5.7527,6.3765,47.139
-8.6088,2.937,43.482
5.5369,-10.077,17.463
-3.5299,-10.056,23.279
12.025,-2.7696,1.1462
-8.9343,-4.1758,11.961
-6.8683,12.913,37.494
-5.5898,13.414,33.873
6.1576,2.5948,0.093493
5.0007,4.9949,46.489
1.938,7.3446,26.406
6.2866,-9.7131,12.054
3.5566,13.415,29.279
5.4596,-2.2262,16.279
-9.1346,1.5189,39.874
-9.4772,-0.94344,33.81
10.969,-5.169,19.879
-7.9601,4.0914,23.82
11.849,-3.2841,17.577
11.38,-4.3924,23.563
9.0052,-7.7148,25.523
12.587,1.692,38.762
4.3551,-10.522,5.8601
12.417,-1.1752,5.1512
3.8701,-3.8995,25.526
12.092,4.5739,27.099
-7.1084,12.803,31.897
-5.8824,-8.5693,16.543
-8.853,-4.3997,33.607
6.3308,1.6085,6.6819
3.4093,-10.776,5.7367
-9.2683,-2.9814,8.052
-4.5831,-9.4981,2.109
3.143,-10.831,46.102
-9.4752,-1.1927,12.16
-6.4871,5.7912,10.996
12.062,-2.6514,7.4827
-3.0222,7.655,3.3563
12.403,-1.2491,19.217
-2.3289,7.8039,33.34
-7.7553,4.3868,29.283
5.5636,4.1149,30.739
8.5721,-8.1208,5.082
5.7788,3.6781,22.248
1.8267,-11.009,48.782
5.9549,-1.2269,24.297
-8.6253,-4.9525,27.436
-9.4218,-2.0202,33.712
11.074,7.0613,38.547
-7.8955,12.404,31.419
-10.18,10.866,49.97
6.3685,-9.6691,24.967
5.6846,3.8791,34.787
6.6201,11.914,4.3888
6.3899,12.062,28.938
12.315,-1.6898,2.8919
-8.2186,3.6779,30.073
-3.628,13.927,41.611
4.0958,5.9871,43.929
-6.8074,5.4911,37.284
5.8242,12.398,6.4686
-8.3999,-5.4223,16.478
12.516,2.5062,34.656
10.935,7.3154,9.8503
-6.2425,-8.253,25.29
12.309,-1.7142,37.781
-0.60225,7.9071,49.611
-9.3306,0.6615,28.682
-8.3704,3.4092,30.984
-5.4793,13.451,47.029
9.2801,9.6248,11.742
1.5497,7.4914,15.55
-9.4682,-0.58039,9.4222
12.601,1.3615,38.828
5.9316,3.3087,23.008
-5.1497,-9.1298,36.761
10.451,8.1052,12.773
6.1228,2.7256,38.932
-0.74935,14.17,7.4425
5.79,3.6528,26.149
2.2155,13.801,7.1443
3.5566,13.415,36.07
-5.7668,6.3665,29.674
-8.8999,2.242,8.5529
-4.1782,-9.7309,1.0279
-8.6603,11.957,14.381
-1.2547,-10.807,34.761
11.953,5.0201,13.51
-6.6535,13.007,14.636
12.503,-0.60527,9.8575
3.4081,-4.1835,38.576
-7.8177,12.446,34.105
5.397,4.4075,19.716
5.8287,3.5641,37.882
10.735,7.6576,34.152
5.546,-2.0824,1.8125
-3.3147,-10.153,44.043
-5.6718,-8.7411,3.7197
6.3574,1.2017,39.784
-0.46516,14.162,38.007
4.5878,-3.3113,4.0956
5.3883,12.633,17.489
8.4929,10.435,26.996
2.2322,7.2167,4.3521
-1.8431,7.8711,2.3546
-0.1892,7.8757,13.79
-8.0761,12.304,43.079
-3.4577,13.958,49.828
4.1239,-3.7143,32.808
1.5205,7.5015,37.663
8.7252,10.21,46.52
6.2903,1.9377,17.677
11.238,-4.6768,10.994
6.1133,-0.7569,30.134
-1.4047,14.167,7.091
11.359,6.498,28.443
11.771,-3.4917,22.555
4.8053,-3.0881,10.076
-0.32329,14.156,36.879
10.51,8.0165,4.9528
7.2248,11.494,25.772
5.5834,4.0779,26.292
11.732,5.6328,8.6134
2.8767,6.8809,40.364
-9.3212,-2.7129,37.312
-2.3059,-10.53,10.149
-9.1563,11.633,17.432
-9.4772,-0.9626,30.488
2.4603,13.741,15.157
-8.159,-5.8646,30.401
10.257,8.3906,36.19
-2.7005,7.732,14.496
8.8687,-7.8473,31.832
-5.3808,6.6265,34.821
6.3402,0.47523,10.067
0.20293,-11.012,42.019
3.3189,13.494,25.583
12.169,4.2995,4.1085
-3.0311,14.026,42.605
2.3146,-4.6296,8.9069
0.29877,14.113,27.119
-9.4015,-2.1936,6.6566
1.3065,13.983,8.0449
11.065,-4.9994,8.7075
-4.6829,7.0241,21.629
7.8453,11.009,23.018
10.721,7.6802,25.868
-8.6243,2.9038,1.5513
-6.3939,-8.1108,32.271
2.7286,-4.4946,24.538
12.298,-1.7628,43.741
11.012,7.1771,16.82
-5.6882,-8.7281,32.162
-2.5114,-10.463,14.98
-8.4542,-5.3148,22.982
-0.63561,14.168,31.342
-9.4756,-1.1735,29.393
-8.6815,-4.8245,7.2513
12.394,-1.2983,35.962
4.5144,13.045,32.204
7.9544,-8.6345,46.317
12.538,2.3027,42.733
-0.7778,14.171,26.209
6.8534,-9.3912,44.389
-0.078783,7.8636,23.375
12.606,1.0313,16.045
-7.4166,4.825,39.797
-0.99713,-10.858,1.1746
3.0056,6.8037,1.79
4.0303,6.0458,7.0915
-1.7783,7.8778,4.5016
-1.276,-10.803,20.504
-5.3211,-9.0077,45.667
-9.4722,11.411,8.2024
-6.6728,-7.8332,8.8861
8.9517,9.9794,27.303
-1.9946,-10.624,4.2914
3.0986,-10.84,10.25
12.24,4.0239,3.3703
-3.2588,13.992,27.934
12.191,-2.198,33.958
-9.5444,11.358,32.282
-2.4098,7.7898,48.806
11.447,6.3077,2.6011
8.176,-8.4584,29.868
0.45177,7.7829,42.096
4.5547,-3.3432,41.737
-3.7426,-9.9558,11.887
5.7557,-1.6874,13.495
11.012,7.1771,40.444
12.516,-0.50554,2.0746
12.525,-0.43065,47.578
11.29,6.6399,8.4916
4.9185,-10.329,31.594
-9.4485,-0.25727,47.773
-7.1969,5.0814,38.591
11.953,5.0201,17.33
10.141,-6.4197,25.299
-5.6962,6.4163,44.205
6.2076,-0.39275,23.263
1.4693,-11.031,23.788
4.5404,5.5466,17.641
-8.9746,2.0331,28.507
1.8526,7.379,9.4961
5.8764,3.4495,36.818
-7.9997,4.0312,43.287
0.42388,-11.026,43.948
4.0525,13.233,6.0455
9.9489,-6.6667,23.613
-8.984,11.749,41.776
-3.4293,13.963,0.32488
11.615,5.9237,21.269
-6.0036,6.1912,40.353
5.9119,3.36,30.357
-7.6917,4.4735,12.469
2.9671,6.8271,9.3982
11.652,-3.7885,40.215
-7.5233,-6.8312,23.943
-8.7789,2.5508,7.5271
4.0269,-10.62,6.7676
12.605,0.87913,31.51
2.608,-4.538,35.039
5.6423,-10.03,9.779
12.5,-0.63017,46.118
-3.5105,-10.065,46.125
-1.5193,7.8992,26.409
0.72822,7.7258,20.227
0.37964,-11.023,9.1376
11.615,5.9237,5.6385
-9.5203,11.376,44.864
12.469,-0.85383,24.239
-3.1735,14.005,10.567
7.0261,11.637,27.354
-4.7452,-9.398,34.394
5.3298,-2.4262,4.8904
11.632,-3.8339,36.691
-7.7598,-6.4992,28.979
-1.0351,7.9166,31.809
-7.5233,-6.8312,48.789
4.1803,-10.576,13.354
-7.2145,12.753,38.822
-4.4471,13.749,21.424
-9.2728,0.95641,1.878
8.8769,10.057,4.9336
5.2484,-2.5429,33.315
-9.2723,-2.9622,17.902
-1.3191,14.169,20.413
-2.8616,7.6952,14.752
-7.9386,-6.2279,4.2141
8.2308,-8.4135,26.904
-0.75956,-10.9,25.46
-10.341,10.733,2.3542
6.0653,2.921,26.335
11.436,6.3315,45.735
1.2788,13.988,16.205
-9.3605,-2.4823,13.861
-6.3021,5.9513,47.945
8.1741,10.726,32.907
-9.3177,-2.7321,23.007
0.18087,-11.011,39.534
-9.3779,-2.3668,13.901
8.3035,-8.353,2.9732
-5.7949,6.3463,13.398
4.983,-10.304,37.395
11.664,5.8028,27.025
-7.0536,5.2383,47.742
-1.7472,14.153,30.686
-6.3951,5.872,19.38
10.986,7.2233,3.8872
5.0428,12.805,4.9518
12.541,-0.28059,23.428
-9.4603,-0.42811,24.779
5.8867,3.4239,11.305
-8.5537,3.0525,5.8043
5.1915,12.732,5.8236
-1.7757,14.151,25.765
-7.1421,-7.313,16.473
-8.408,12.112,26.31
-7.4617,4.7699,45.513
10.407,8.1715,29.758
-0.66615,7.91,46.807
2.8896,6.8733,28.906
-7.7971,4.3285,29.47
7.8661,10.991,26.362
3.2043,-4.2893,31.532
4.1925,5.8977,27.827
-9.7591,11.198,22.368
4.7816,-3.1136,6.5093
3.6674,6.3466,11.539
-4.4471,13.749,16.767
-6.9485,12.877,33.703
11.632,-3.8339,6.3124
5.7788,3.6781,29.564
-8.7362,2.6525,4.0508
-7.1816,-7.2658,1.5934
5.674,-1.85,5.0124
